{
    "$schema": "https://schema.management.azure.com/schemas/2019-04-01/deploymentTemplate.json#",
    "contentVersion": "1.0.0.0",
    "parameters": {
        "VMName": {
            "type": "string",
            "metadata": {
                "description": "Storage Account type by default is standrad_lrs"
            }
        },
        "existingvirtualNetworkName": {
            "type": "string",
            "metadata": {
                "description": "Existing VNet to which the VM will connect."
            }
        },
        "existingresourcegroupVirtualNetwork": {
            "type": "string",
            "metadata": {
                "description": "Resource Group Name for Existing VNet to which the VM will connect."
            }
        },
        "existingsubnetName": {
            "type": "string",
            "metadata": {
                "description": "Existing Subnet to which the VM will connect."
            }
        },
        "existingStorageAccountName": {
            "type": "string",
            "metadata": {
                "description": "The name of an existing storage account to which diagnostics data is transfered."
            }
        },
        "adminUsername": {
            "type": "string",
            "metadata": {
                "description": "User name for the Virtual Machine."
            }
        },
        "imageSKU": {
            "type": "string",
            "defaultValue": "2019-Datacenter",
            "allowedValues": [
                "2012-R2-Datacenter",
                "2016-Datacenter",
                "2019-Datacenter"
            ],
            "metadata": {
                "description": "Image SKU"
            }
        },
        "vmSize": {
            "type": "string",
            "metadata": {
                "description": "Size of the virtual machine"
            },
            "defaultValue": "Standard_F2s_v2"
        },
        "NumbOfInstances": {
            "type": "int",
            "metadata": {
                "description": "Number of Web Servers"
            },
            "allowedValues": [
                1,
                2
            ],
            "defaultValue": 2
        },
        "diskType": {
            "type": "string",
            "allowedValues": [
                "Standard_LRS",
                "StandardSSD_LRS",
                "Premium_LRS"
            ],
            "metadata": {
                "description": "The type of the Storage Account created"
            },
            "defaultValue": "Standard_SSDLRS"
        },
        "location": {
            "type": "string",
            "defaultValue": "[resourceGroup().location]",
            "metadata": {
                "description": "Location for all resources."
            }
        },
        "adminPasswordOrKey": {
            "type": "securestring",
            "metadata": {
                "description": "SSH Key or password for the Virtual Machine. SSH key is recommended."
            }
        }
    },
    "variables": {
        "imagePublisher": "MicrosoftWindowsServer",
        "imageOffer": "WindowsServer",
        "nicName": "[tolower(concat('aznic', parameters('VMName')))]",
        "subnetRef": "[resourceId(parameters('existingresourcegroupVirtualNetwork'),'Microsoft.Network/virtualNetworks/subnets', parameters('existingvirtualNetworkName'), parameters('existingsubnetName'))]",
        "blobStorageEndpoint": "blob.core.windows.net"
    },

    "resources": [
        {
            "apiVersion": "2020-05-01",
            "name": "[concat(variables('nicName'),copyIndex(1))]",
            "type": "Microsoft.Network/networkInterfaces",
            "location": "[parameters('location')]",
            "copy": {
                "name": "nicLoop",
                "count": "[parameters('NumbOfInstances')]"
            },
            "dependsOn": [

            ],
            "properties": {
                "enableAcceleratedNetworking": false,
                "ipConfigurations": [
                    {
                        "name": "ipconfig1",
                        "properties": {
                            "privateIPAllocationMethod": "Static",
                            "subnet": {
                                "id": "[variables('subnetRef')]"
                            }
                        }
                    }
                ]
            }
        },
        {
            "apiVersion": "2020-12-01",
            "type": "Microsoft.Compute/virtualMachines",
            "name": "[concat(parameters('vmName'))]",
            "location": "[parameters('location')]",
            "copy": {
                "name": "SrvMachineLoop",
                "count": "[parameters('NumbOfInstances')]"
            },
            "dependsOn": [
                "[resourceId('Microsoft.Network/networkInterfaces', concat(variables('nicName'),copyIndex(1)))]"
            ],
            "properties": {

                "licenseType": "Windows_Server",
                "hardwareProfile": {
                    "vmSize": "[parameters('vmSize')]"
                },
                "osProfile": {
                    "computerName": "[concat(parameters('vmName'))]",
                    "adminUsername": "[parameters('adminUsername')]",
                    "adminPassword": "[parameters('adminPasswordOrKey')]"
                },
                "storageProfile": {
                    "imageReference": {
                        "publisher": "[variables('imagePublisher')]",
                        "offer": "[variables('imageOffer')]",
                        "sku": "[parameters('imageSKU')]",
                        "version": "latest"
                    },
                    "osDisk": {
                        "name": "[concat(parameters('vmName'), '_OSDisk')]",
                        "managedDisk": { "storageAccountType": "StandardSSD_LRS" },
                        "caching": "ReadWrite",
                        "createOption": "FromImage"
                    },
                    "dataDisks": [
                        {
                            "name": "[concat(parameters('vmName'),'_DataDisk_',copyIndex())]",
                            "managedDisk": {
                                "storageAccountType": "[parameters('diskType')]"
                            },
                            "diskSizeGB": 64,
                            "lun": 0,
                            "createOption": "Empty"
                        }
                    ]
                },
                "networkProfile": {
                    "networkInterfaces": [
                        {
                            "id": "[resourceId('Microsoft.Network/networkInterfaces',concat(variables('nicName'),copyIndex(1)))]"
                        }
                    ]
                },
                "diagnosticsProfile": {
                    "bootDiagnostics": {
                        "enabled": true,
                        "storageUri": "[concat('http://',parameters('existingStorageAccountName'),'.',variables('blobStorageEndpoint'))]"
                    }
                }
            }
        }
    ],
    "outputs": {
    }
}
