{
    "$schema": "https://schema.management.azure.com/schemas/2019-04-01/deploymentParameters.json#",
    "contentVersion": "1.0.0.0",
    "parameters": {
      "VMName": {
        "value": "j6-prd-rte-ec"
      },
      "adminUsername": {
        "value": "kndadmin"
      },
      "existingvirtualNetworkName": {
        "value": "avnetyeceu1prd01"
      },
      "existingresourcegroupVirtualNetwork": {
        "value": "arsgrinfeu1p01"
      },
      "existingsubnetName": {
        "value": "asnetappprd01"
      },
      "existingStorageAccountName": {
        "value": "vdiagyecj6eu1prd02"
      },
      "adminPasswordOrKey": {
        "value": "DY3ytqZ3wmiCLJh7"
      },
      "NumbOfInstances":{
        "value": 1
      },
      "diskType": {
        "value": "StandardSSD_LRS"
    },
    "vmSize": {
        "value": "Standard_F2s_v2"
    }
  }
}